{"cameraMode":{"drawMode":0,"name":"Shaded","section":"Shading Mode"},"sceneLighting":false,"audioPlay":false,"sceneViewState":{"showFog":true,"showMaterialUpdate":false,"showSkybox":false,"showFlares":true,"showImageEffects":true,"showParticleSystems":true},"in2DMode":false,"pivot":{"x":403.9786071777344,"y":323.4529113769531,"z":27.5313720703125},"rotation":{"x":-0.03629301115870476,"y":-0.02188756875693798,"z":0.0007953229360282421,"w":-0.9991036057472229},"size":365.8597412109375,"orthographic":false}